{"issue_count":6,"issues":[{"category":["tools","epoch"],"id":"ISSUE.TOOLS.EPOCH.0001","path":"tools/epoch/issue_tools_epoch_0001.machine.json","severity":"blocking","status":"open","title":"tools/epoch.py does not implement expected CLI/fields (no --out-json/--print-epoch; missing selected_epoch)"},{"category":["tools","receipts"],"id":"ISSUE.TOOLS.RECEIPT.0001","path":"tools/receipts/issue_tools_receipt_0001.machine.json","severity":"blocking","status":"open","title":"tools/record_receipt.py is a placeholder: writes non-canonical JSON and does not implement stunir.receipt.build.v1"},{"category":["tools","ir"],"id":"ISSUE.TOOLS.IRFILES.0001","path":"tools/ir/issue_tools_irfiles_0001.machine.json","severity":"blocking","status":"open","title":"tools/spec_to_ir_files.py is a mock: writes dummy.dcbor and non-canonical manifests without required schemas"},{"category":["tools","provenance"],"id":"ISSUE.TOOLS.PROVENANCE.0001","path":"tools/provenance/issue_tools_provenance_0001.machine.json","severity":"blocking","status":"open","title":"tools/gen_provenance.py emits incomplete provenance.h: missing STUNIR_PROV_* macros required by tools/prov_emit.c"},{"category":["scripts","build_docker"],"id":"ISSUE.SCRIPTS.BUILD_DOCKER.0001","path":"scripts/build_docker/issue_scripts_build_docker_0001.machine.json","severity":"blocking","status":"open","title":"scripts/build_docker.sh is currently non-functional with in-repo tools (epoch, provenance, receipts, IR files are stubs)"},{"category":["toolchain","discovery"],"id":"ISSUE.TOOLCHAIN.DISCOVERY.0001","path":"toolchain/discovery/issue_toolchain_discovery_0001.machine.json","severity":"high","status":"open","title":"scripts/discover_toolchain.sh writes lock JSON by manual echo; escaping/formatting are brittle and non-canonical"}],"schema":"stunir.issues.index_additions.v1"}