{"areas":[{"area":"pipeline.local_strict","expected":"scripts/build*.sh produce artifacts that pass tools/verify_build.py --local --strict","known_blockers":["ISSUE.DISPATCH.0001","ISSUE.BUILD.0001","ISSUE.TOOLS.EPOCH.0001","ISSUE.TOOLS.RECEIPT.0001","ISSUE.TOOLS.PROVENANCE.0001","ISSUE.TOOLS.IRFILES.0001"]},{"area":"pipeline.docker","expected":"scripts/build_docker.sh passes strict verify","known_blockers":["ISSUE.SCRIPTS.BUILD_DOCKER.0001","ISSUE.TOOLS.SPEC_TO_IR.0001"]},{"area":"emitters.ir_to_code","expected":"tools/ir_to_code.py runs and optionally emits canonical receipts","known_blockers":["ISSUE.TOOLS.EMIT.IR_TO_CODE.0001"]},{"area":"receipts","expected":"All receipt writers emit stunir.receipt.build.v1 canonical JSON","known_blockers":["ISSUE.RECEIPT.0001","ISSUE.TOOLS.RECEIPT.0001","ISSUE.TOOLS.RECEIPT_PY.0001"]}],"note":"This file is intended as a quick model-scannable entrypoint; regenerate as issues evolve.","schema":"stunir.issues.coverage.v1"}