{"category":["scripts","build_docker"],"evidence":[{"lines":{"end":80,"start":1},"note":"Pipeline uses tools/epoch.py, spec_to_ir_files.py, gen_provenance.py, record_receipt.py.","path":"scripts/build_docker.sh","sha256":"8af694aadf57adb39a0a53e508a107af7da5f4b55dd4a1e381537f9fe76ee3fc","snippet_sha256":"5234b5dda5bb8905ae382da486a76c8e48e81b39d8060855df1a92803f5cc161"},{"lines":{"end":60,"start":1},"note":"No CLI.","path":"tools/epoch.py","sha256":"538fc093431f192caa4b5cbca8ce6850aa82396eec230877890d1c82ab20a71e","snippet_sha256":"76b4702b31b994afa28faaf350d8b97f603ce56c13d4f472e16215c6ec19b902"},{"lines":{"end":120,"start":1},"note":"Mock IR files.","path":"tools/spec_to_ir_files.py","sha256":"204560b48a0747f1256235c7506de7d4aafe6746ec67316e424ecd6215188daf","snippet_sha256":"cb1505f0ae64decd7e8124e04cf1b02998bb13637b6e943627b327d152751d77"},{"lines":{"end":80,"start":1},"note":"Placeholder receipts.","path":"tools/record_receipt.py","sha256":"544f0597715cbd9131a59f48c9ab4536cad6a49b30eef4ee6157e3f1de8e35f6","snippet_sha256":"222f516c81c24659c63a85abd72fddaa3cf00d4339a025f3b3da46832bbad388"},{"lines":{"end":120,"start":1},"note":"Incomplete provenance header.","path":"tools/gen_provenance.py","sha256":"5bd6c4d8e7922bc2f60fd13d56450610ae218037209219b0d5aa57a19f44cbb7","snippet_sha256":"79aad9447fe77d08088fed128e2b2f5c2e430e6a7f0c08bf3259ca2b3a10b375"}],"expected":["build_docker.sh should be a verifier-aligned reference pipeline: produces build/epoch.json, build/provenance.json/h, asm/spec_ir.txt, asm/ir/*.dcbor, receipts/*.json, and passes tools/verify_build.py --local --strict."],"id":"ISSUE.SCRIPTS.BUILD_DOCKER.0001","impact":{"breaks_build":true,"breaks_local_verify_strict":true,"breaks_receipt_generation":true},"proposed_fixes":[{"description":"Bring tools/epoch.py, tools/spec_to_ir_files.py, tools/gen_provenance.py, tools/record_receipt.py back in sync with verifier. Keep outputs canonical (stunir-json-c14n-v1).","touched_paths":["tools/epoch.py","tools/spec_to_ir_files.py","tools/gen_provenance.py","tools/record_receipt.py","scripts/build_docker.sh"]}],"related":["ISSUE.TOOLS.EPOCH.0001","ISSUE.TOOLS.RECEIPT.0001","ISSUE.TOOLS.IRFILES.0001","ISSUE.TOOLS.PROVENANCE.0001"],"reproduction":["set -euxo pipefail","./scripts/build_docker.sh || true"],"root_causes":[{"details":"Multiple tools under tools/ are placeholders/mocks that do not match verify_build.py contracts.","type":"toolchain_regression"}],"schema":"stunir.issues.issue.v1","severity":"blocking","status":"open","symptoms":["Epoch step: tools/epoch.py does not write build/epoch.json as invoked.","IR files step: tools/spec_to_ir_files.py writes dummy outputs and invalid manifests.","Receipt step: tools/record_receipt.py emits invalid/non-canonical receipts.","Provenance step: tools/gen_provenance.py emits provenance.h that cannot compile prov_emit.c."],"title":"scripts/build_docker.sh is currently non-functional with in-repo tools (epoch, provenance, receipts, IR files are stubs)","workarounds":[{"commands":["python3 -B tools/verify_build.py --help"],"description":"None in strict mode until tools are repaired; treat verify_build.py as the contract and re-implement the tools or route to compiled backend."}]}