{"category":["tools","provenance"],"evidence":[{"lines":{"end":120,"start":1},"note":"Header emission only defines STUNIR_EPOCH.","path":"tools/gen_provenance.py","sha256":"5bd6c4d8e7922bc2f60fd13d56450610ae218037209219b0d5aa57a19f44cbb7","snippet_sha256":"79aad9447fe77d08088fed128e2b2f5c2e430e6a7f0c08bf3259ca2b3a10b375"},{"lines":{"end":40,"start":1},"note":"Expects STUNIR_PROV_* macros from provenance.h.","path":"tools/prov_emit.c","sha256":"67a65b5413679e72a9179f1137fa74f56841c05971eabf9298d5a1ec8b15a4d9","snippet_sha256":"9b4e625d582545ace72ebf3839c6c84b0da9573f234b4b962904b76a187e075f"},{"lines":{"end":55,"start":37},"note":"Calls gen_provenance then compiles prov_emit.c in container.","path":"scripts/build_docker.sh","sha256":"8af694aadf57adb39a0a53e508a107af7da5f4b55dd4a1e381537f9fe76ee3fc","snippet_sha256":"a7461e999aae58427e331e1ca02495e1a654873e0c3ff0deca7924c17ee42e35"},{"lines":{"end":897,"start":834},"note":"Verifier requires build/provenance.json reproducible and provenance.h present in strict.","path":"tools/verify_build.py","sha256":"7eb1cee982e44b32a3d3e795ec36b287912fba522bcbfb65d0f8a1659b9c4bb8","snippet_sha256":"57fa28ab9bb7896985de76a2e4e5b50787ea00fb16065299e68057739e0f4e60"}],"expected":["build/provenance.h must define the macros used by prov_emit.c.","build/provenance.json should contain the same digests that the header embeds, and be canonical JSON."],"id":"ISSUE.TOOLS.PROVENANCE.0001","impact":{"breaks_build":true,"breaks_local_verify_strict":true,"breaks_receipt_generation":false},"proposed_fixes":[{"description":"Re-implement gen_provenance.py to compute spec and asm digests, emit them in canonical JSON and in provenance.h as STUNIR_PROV_* macros.","touched_paths":["tools/gen_provenance.py","build/provenance.h format","tools/prov_emit.c (if macro names change)"]}],"related":["ISSUE.PROV.0001"],"reproduction":["rm -rf build bin && mkdir -p build bin","python3 -B tools/gen_provenance.py --epoch 1 --epoch-source X --spec-root spec --asm-root asm --out-header build/provenance.h --out-json build/provenance.json","gcc -std=c11 -O2 -Ibuild -o bin/prov_emit tools/prov_emit.c || true"],"root_causes":[{"details":"gen_provenance.py currently writes only build_epoch and epoch_source to JSON and a single macro in the header.","type":"stub"}],"schema":"stunir.issues.issue.v1","severity":"blocking","status":"open","symptoms":["scripts/build_docker.sh compiles tools/prov_emit.c which includes build/provenance.h and expects STUNIR_PROV_BUILD_EPOCH, STUNIR_PROV_SPEC_DIGEST, STUNIR_PROV_ASM_DIGEST.","Current gen_provenance.py writes only '#define STUNIR_EPOCH ...', causing compile failure."],"title":"tools/gen_provenance.py emits incomplete provenance.h: missing STUNIR_PROV_* macros required by tools/prov_emit.c","workarounds":[{"commands":["# No strict-mode workaround unless prov_emit and its receipt are removed from strict policy."],"description":"Skip compiling prov_emit until provenance generation is restored; strict verify will still fail if prov_emit receipt is required."}]}