{"category":["tools","receipts"],"evidence":[{"lines":{"end":80,"start":1},"note":"Writes indent=2 JSON with fields {target,status,epoch}.","path":"tools/record_receipt.py","sha256":"544f0597715cbd9131a59f48c9ab4536cad6a49b30eef4ee6157e3f1de8e35f6","snippet_sha256":"222f516c81c24659c63a85abd72fddaa3cf00d4339a025f3b3da46832bbad388"},{"lines":{"end":689,"start":542},"note":"Receipt schema + core-id + target sha256 binding contract.","path":"tools/verify_build.py","sha256":"7eb1cee982e44b32a3d3e795ec36b287912fba522bcbfb65d0f8a1659b9c4bb8","snippet_sha256":"6cb8a1473e72c25de29378eee59f136860d0d691c6c791ca802c0d76242f5d83"},{"lines":{"end":57,"start":37},"note":"Invokes tools/record_receipt.py for required receipts.","path":"scripts/build_docker.sh","sha256":"8af694aadf57adb39a0a53e508a107af7da5f4b55dd4a1e381537f9fe76ee3fc","snippet_sha256":"4bd6021683d326ee76d1c045ce3ed4d404b711b1fb77de568b7aa14b66c9eab9"}],"expected":["Receipts must be canonical JSON and match schema stunir.receipt.build.v1 as enforced by tools/verify_build.py.","receipt_core_id_sha256 must match verifier's compute_receipt_core_id() (canonical core fields hashed)."],"id":"ISSUE.TOOLS.RECEIPT.0001","impact":{"breaks_build":true,"breaks_local_verify_strict":true,"breaks_receipt_generation":true},"proposed_fixes":[{"description":"Replace record_receipt.py with a real implementation: compute sha256(target), inputs closure digests, embed epoch object, compute receipt_core_id_sha256, and emit canonical JSON.","touched_paths":["tools/record_receipt.py"]}],"related":["ISSUE.BUILD.0001","ISSUE.RECEIPT.0001"],"reproduction":["rm -rf receipts && mkdir -p receipts","python3 -B tools/record_receipt.py --target X --receipt receipts/_t.json --status TEST --build-epoch 123 --epoch-json build/epoch.json","python3 -B tools/verify_build.py --local --repo . --strict || true"],"root_causes":[{"details":"record_receipt.py appears to be a minimal mock implementation.","type":"stub"}],"schema":"stunir.issues.issue.v1","severity":"blocking","status":"open","symptoms":["scripts/build_docker.sh uses tools/record_receipt.py to produce receipts/spec_ir.json and receipts/prov_emit.json.","record_receipt.py emits {target,status,epoch} with indent=2 (not canonical), missing schema + receipt_core_id_sha256 + inputs closure + sha256 binding."],"title":"tools/record_receipt.py is a placeholder: writes non-canonical JSON and does not implement stunir.receipt.build.v1","workarounds":[{"commands":["# For strict mode, receipts must match tools/verify_build.py contract; current record_receipt.py cannot produce them."],"description":"Until record_receipt.py is repaired, generate receipts using the receipt generator that matches verify_build.py (or disable strict verification)."}]}