{"issue_count":3,"issues":[{"category":["tools","emit"],"id":"ISSUE.TOOLS.EMIT.IR_TO_CODE.0001","path":"tools/emit/issue_tools_emit_ir_to_code_0001.machine.json","severity":"blocking","status":"open","title":"tools/ir_to_code.py is syntactically invalid (broken newline string literals), so IR→code emission cannot run"},{"category":["tools","receipts"],"id":"ISSUE.TOOLS.RECEIPT_PY.0001","path":"tools/receipts/issue_tools_receipt_py_0001.machine.json","severity":"high","status":"open","title":"tools/receipt.py generates a dummy receipt (kind/signature stub) incompatible with verifier and STUNIR receipt schema"},{"category":["tools","ir"],"id":"ISSUE.TOOLS.SPEC_TO_IR.0001","path":"tools/ir/issue_tools_spec_to_ir_0001.machine.json","severity":"high","status":"open","title":"tools/spec_to_ir.py assumes --spec-root contains spec.json, but repo's spec/ directory has no spec.json"}],"schema":"stunir.issues.index_additions.v1"}