{"category":["tools","emit"],"evidence":[{"lines":{"end":535,"start":520},"note":"Broken newline string literal at open(..., newline=...).","path":"tools/ir_to_code.py","sha256":"4f37f746a869c446dc7c4729b4ed77e61c67ec588a76c673690ad919e0a133ad","snippet_sha256":"e3be9df959ce17c52e74245feea2f8005084f647413ecf157705f41d125dac2d"}],"expected":["tools/ir_to_code.py should be valid Python and should write outputs with stable newlines (newline=\"\\n\").","If it emits receipts, they should be canonical JSON (stunir-json-c14n-v1)."],"id":"ISSUE.TOOLS.EMIT.IR_TO_CODE.0001","impact":{"breaks_build":false,"breaks_local_verify_strict":false,"breaks_receipt_generation":false},"proposed_fixes":[{"description":"Fix newline arguments and add a CI lint step: python3 -m py_compile tools/*.py.","touched_paths":["tools/ir_to_code.py",".github/workflows/* (optional)"]}],"related":["ISSUE.SCRIPTS.BUILD_DOCKER.0001"],"reproduction":["python3 -m py_compile tools/ir_to_code.py || true"],"root_causes":[{"details":"File contains a literal line break inside the string argument to open(..., newline='\\n'), splitting the string across lines.","type":"corrupted_source"}],"schema":"stunir.issues.issue.v1","severity":"blocking","status":"open","symptoms":["Running python3 -m py_compile tools/ir_to_code.py fails with SyntaxError.","Any pipeline step that relies on tools/ir_to_code.py will fail immediately."],"title":"tools/ir_to_code.py is syntactically invalid (broken newline string literals), so IR→code emission cannot run","workarounds":[{"commands":["# Example: python3 -B tools/ir_to_c.py --variant portable --ir-manifest ... --out-root ..."],"description":"Use per-language emitters (tools/ir_to_c.py etc.) if they are functional, until ir_to_code.py is repaired."}]}