{"category":["toolchain","discovery"],"evidence":[{"lines":{"end":80,"start":1},"note":"Manual JSON emission with echo; version capture uses head -n 1.","path":"tools/discover_toolchain.sh","sha256":"263854bf096f380b654f9651dbd1fa54de1c47e75013e1067e9463297118ccd8","snippet_sha256":"640ffc77778bc055630d2448aa0a59f5c96435af746282e02dfe04754ec91e47"},{"lines":{"end":60,"start":1},"note":"Separate jq-based generator with different shape.","path":"scripts/lib/toolchain.sh","sha256":"5a93480b0e89ee0b8a47976bd7236c7bf5ffbbd82258f5cc0cd363d269a0bb06","snippet_sha256":"896a27ca44aaf14c75c96996e4384aaea7081791a868133fd495b64c7d6da9d0"}],"expected":["Toolchain lock should be emitted by a single canonical JSON encoder (same as verifier) to ensure stable bytes.","There should be one authoritative toolchain lock generator (avoid duplication with scripts/lib/toolchain.sh)."],"id":"ISSUE.TOOLCHAIN.DISCOVERY.0001","impact":{"breaks_build":false,"breaks_local_verify_strict":false,"breaks_receipt_generation":false},"proposed_fixes":[{"description":"Rewrite tools/discover_toolchain.sh to construct an object and emit via python3 canonical encoder; include stable version capture; optionally include sha256 of tool binaries.","touched_paths":["tools/discover_toolchain.sh","scripts/lib/toolchain.sh (dedupe)"]}],"related":["ISSUE.BUILD.0001"],"reproduction":["rm -f build/local_toolchain.lock.json && mkdir -p build","./tools/discover_toolchain.sh build/local_toolchain.lock.json","python3 - <<'PY'\nimport json\njson.load(open('build/local_toolchain.lock.json'))\nprint('parsed ok')\nPY"],"root_causes":[{"details":"discover_toolchain.sh uses echo redirection instead of a JSON library.","type":"manual_json"},{"details":"toolchain lock generation exists in both tools/discover_toolchain.sh and scripts/lib/toolchain.sh with different formats.","type":"duplication"}],"schema":"stunir.issues.issue.v1","severity":"high","status":"open","symptoms":["Lockfile JSON is built line-by-line; only quotes are escaped, other characters may break JSON.","Output is not canonical JSON; if toolchain_sha256 is later used in receipts, byte instability will cause mismatches."],"title":"scripts/discover_toolchain.sh writes lock JSON by manual echo; escaping/formatting are brittle and non-canonical","workarounds":[{"commands":["# If python is available, canonicalize after generation:","python3 - <<'PY'\nimport json\nobj=json.load(open('build/local_toolchain.lock.json'))\nprint(json.dumps(obj,ensure_ascii=False,sort_keys=True,separators=(\",\",\":\")))\nPY > build/local_toolchain.lock.json"],"description":"Prefer scripts/lib/toolchain.sh (jq-based) or rewrite discover_toolchain.sh to use python3 json.dumps canonical output."}]}