{"category":["tools","ir"],"evidence":[{"lines":{"end":120,"start":1},"note":"Hard-coded dummy.dcbor and json.dumps manifests without schema.","path":"tools/spec_to_ir_files.py","sha256":"204560b48a0747f1256235c7506de7d4aafe6746ec67316e424ecd6215188daf","snippet_sha256":"cb1505f0ae64decd7e8124e04cf1b02998bb13637b6e943627b327d152751d77"},{"lines":{"end":758,"start":694},"note":"Manifest schemas and strict-set requirements.","path":"tools/verify_build.py","sha256":"7eb1cee982e44b32a3d3e795ec36b287912fba522bcbfb65d0f8a1659b9c4bb8","snippet_sha256":"a9299f62acd3c881c6fa2b52fe7818ee721a79e900ab9e10b5684dcfca259718"}],"expected":["spec_to_ir_files.py must produce a deterministic set of *.dcbor files derived from spec.","receipts/ir_manifest.json must be canonical JSON with schema stunir.ir_manifest.v2 and accurate sha256 for each asm/ir/*.dcbor.","receipts/ir_bundle_manifest.json must be canonical JSON with schema stunir.ir_bundle_manifest.v1 and correct bundle sha256."],"id":"ISSUE.TOOLS.IRFILES.0001","impact":{"breaks_build":true,"breaks_local_verify_strict":true,"breaks_receipt_generation":false},"proposed_fixes":[{"description":"Implement real IR file emission + manifest generation in tools/spec_to_ir_files.py (or route to compiled backend), matching verify_build.py contracts.","touched_paths":["tools/spec_to_ir_files.py"]}],"related":["ISSUE.MANIFEST.0001","ISSUE.BUILD.0001"],"reproduction":["rm -rf asm receipts && mkdir -p asm/ir receipts build","python3 -B tools/spec_to_ir_files.py --spec-root spec --out-root asm/ir --epoch-json build/epoch.json --manifest-out receipts/ir_manifest.json --bundle-manifest-out receipts/ir_bundle_manifest.json","./scripts/verify.sh --local --strict"],"root_causes":[{"details":"spec_to_ir_files.py contains explicit 'Mock IR Files' and hard-coded dummy outputs.","type":"stub"}],"schema":"stunir.issues.issue.v1","severity":"blocking","status":"open","symptoms":["Always creates asm/ir/dummy.dcbor with bytes 'dummy' regardless of spec.","Writes receipts/ir_manifest.json as {files: []} without schema stunir.ir_manifest.v2 and without per-file sha256 entries; not canonical.","Writes bundle manifest as {bundle:'mock'} if requested; not schema stunir.ir_bundle_manifest.v1."],"title":"tools/spec_to_ir_files.py is a mock: writes dummy.dcbor and non-canonical manifests without required schemas","workarounds":[{"commands":["# No safe workaround in strict mode with current implementation."],"description":"Treat IR file emission + manifests as unsupported until this tool is implemented; do not run strict verify that requires manifests."}]}