{"category":["tools","ir"],"evidence":[{"lines":{"end":80,"start":1},"note":"Hard-codes spec_path = spec_root / 'spec.json'.","path":"tools/spec_to_ir.py","sha256":"0103e41ffdbc96b7bd07a94fd32c51ed6dd77a9906e19e4e65f97b5ff225a5fc","snippet_sha256":"bc4e0aefa6d880a694735168bb0ef57dcda354a84feda2deef2f60899e2dfa14"},{"lines":{"end":45,"start":35},"note":"Calls spec_to_ir.py with --spec-root spec.","path":"scripts/build_docker.sh","sha256":"8af694aadf57adb39a0a53e508a107af7da5f4b55dd4a1e381537f9fe76ee3fc","snippet_sha256":"812f7c6fa561276aca2fa8e6d4ae71381c4c9f442dc0a944d09a2f1cc6f159d1"},{"lines":{"end":40,"start":1},"note":"Spec directory contains many files; no spec.json.","path":"spec/README.txt","sha256":"27c843914e35bc5682b0780086940809f1827d57a3e87a6264ec7e03d669c3ba","snippet_sha256":"27c843914e35bc5682b0780086940809f1827d57a3e87a6264ec7e03d669c3ba"}],"expected":["spec_to_ir should accept the existing spec/ layout (many .json/.md files) and resolve an entrypoint deterministically.","Alternatively, scripts/build_docker.sh should pass a root that actually contains spec.json."],"id":"ISSUE.TOOLS.SPEC_TO_IR.0001","impact":{"breaks_build":true,"breaks_local_verify_strict":true,"breaks_receipt_generation":false},"proposed_fixes":[{"description":"Define and document a canonical spec entrypoint file (e.g., spec/stunir_machine_plan.json or spec/ir_bundle/*.machine.json) and update tools/spec_to_ir.py + scripts/build_docker.sh accordingly.","touched_paths":["tools/spec_to_ir.py","scripts/build_docker.sh","spec/* (documentation)"]}],"related":["ISSUE.SCRIPTS.BUILD_DOCKER.0001","ISSUE.TOOLS.IRFILES.0001"],"reproduction":["test -f spec/spec.json && echo 'unexpected: spec/spec.json exists' || echo 'OK: spec/spec.json missing'","python3 -B tools/spec_to_ir.py --spec-root spec --out asm/spec_ir.txt || true"],"root_causes":[{"details":"spec_to_ir.py is implemented for a different spec format than the repo currently stores.","type":"contract_mismatch"}],"schema":"stunir.issues.issue.v1","severity":"high","status":"open","symptoms":["scripts/build_docker.sh calls tools/spec_to_ir.py --spec-root spec --out asm/spec_ir.txt, which will fail with FileNotFoundError (spec/spec.json missing).","This blocks IR generation and downstream receipts."],"title":"tools/spec_to_ir.py assumes --spec-root contains spec.json, but repo's spec/ directory has no spec.json","workarounds":[{"commands":["./scripts/build.sh || true"],"description":"Run scripts/build.sh which generates build/spec.json first (if dispatch/import_code is repaired)."}]}