{"category":["tools","receipts"],"evidence":[{"lines":{"end":80,"start":1},"note":"Dummy receipt shape {kind,signature}.","path":"tools/receipt.py","sha256":"b94bd218ef5d6586e3f88a229f61d836dd130eaf90e19c5f724eafdd9339713d","snippet_sha256":"39d9bac151c8cceb9394245a65fecef24e40efc62959662eee9f10d736e98f13"},{"lines":{"end":689,"start":571},"note":"Verifier enforces stunir.receipt.build.v1 + canonical JSON + core-id.","path":"tools/verify_build.py","sha256":"7eb1cee982e44b32a3d3e795ec36b287912fba522bcbfb65d0f8a1659b9c4bb8","snippet_sha256":"355259f45f78bc2f22e204841a57c941fe94f2dbbf9d980c1f8bbad26e7bdb1c"}],"expected":["One authoritative receipt tool that emits stunir.receipt.build.v1 canonical JSON.","Receipt tool must compute sha256(target), inputs closure digests, and receipt_core_id_sha256."],"id":"ISSUE.TOOLS.RECEIPT_PY.0001","impact":{"breaks_build":true,"breaks_local_verify_strict":true,"breaks_receipt_generation":true},"proposed_fixes":[{"description":"Delete tools/receipt.py or rename it to avoid accidental routing; replace with wrapper around tools/verify_build.py-compatible receipt generator.","touched_paths":["tools/receipt.py","scripts/lib/dispatch.sh"]}],"related":["ISSUE.TOOLS.RECEIPT.0001","ISSUE.RECEIPT.0001"],"reproduction":["rm -f receipts/_r.json && mkdir -p receipts","python3 -B tools/receipt.py --in-bin build/ir.json --out-receipt receipts/_r.json","python3 -B tools/verify_build.py --local --repo . --strict || true"],"root_causes":[{"details":"tools/receipt.py explicitly says 'Generate dummy Receipt' and writes indent=2 JSON.","type":"stub"}],"schema":"stunir.issues.issue.v1","severity":"high","status":"open","symptoms":["scripts/lib/dispatch.sh sources scripts/lib/receipt.sh, but there is also tools/receipt.py which writes an unrelated JSON shape.","If any pipeline routes to tools/receipt.py, strict verification will fail (schema mismatch; non-canonical)."],"title":"tools/receipt.py generates a dummy receipt (kind/signature stub) incompatible with verifier and STUNIR receipt schema","workarounds":[{"commands":["python3 -B tools/gen_receipt.py --help"],"description":"Do not route builds to tools/receipt.py; use tools/gen_receipt.py or a repaired tools/record_receipt.py."}]}