{"category":["tools","epoch"],"evidence":[{"lines":{"end":80,"start":1},"note":"No argparse; prints unix_timestamp/iso_8601/source only.","path":"tools/epoch.py","sha256":"538fc093431f192caa4b5cbca8ce6850aa82396eec230877890d1c82ab20a71e","snippet_sha256":"76b4702b31b994afa28faaf350d8b97f603ce56c13d4f472e16215c6ec19b902"},{"lines":{"end":35,"start":21},"note":"Calls tools/epoch.py with --out-json/--print-epoch.","path":"scripts/build_docker.sh","sha256":"8af694aadf57adb39a0a53e508a107af7da5f4b55dd4a1e381537f9fe76ee3fc","snippet_sha256":"0b04311591f3861e5dd30b66f3fcdb74eddf9d89f2935acad3acf9c522084ae1"},{"lines":{"end":918,"start":909},"note":"Loads epoch.json and later reads selected_epoch.","path":"tools/verify_build.py","sha256":"7eb1cee982e44b32a3d3e795ec36b287912fba522bcbfb65d0f8a1659b9c4bb8","snippet_sha256":"6d78d151bdc8a422effa19823d9028ef53685b569a3f5d54fea0e4bb74891958"}],"expected":["epoch tool must accept --out-json PATH and write canonical JSON to that file.","epoch.json must include at least selected_epoch (int) and source (string), matching verifier assumptions."],"id":"ISSUE.TOOLS.EPOCH.0001","impact":{"breaks_build":true,"breaks_local_verify_strict":true,"breaks_receipt_generation":true},"proposed_fixes":[{"description":"Rewrite tools/epoch.py to implement the CLI used by scripts/build*.sh and emit verifier-compatible canonical JSON.","touched_paths":["tools/epoch.py","scripts/build_docker.sh","scripts/build.sh"]}],"related":["ISSUE.TOOLS.RECEIPT.0001","ISSUE.TOOLS.PROVENANCE.0001"],"reproduction":["rm -rf build && mkdir -p build","python3 -B tools/epoch.py --out-json build/epoch.json --print-epoch || true","test -f build/epoch.json || echo 'MISSING build/epoch.json'","./scripts/verify.sh --local --strict"],"root_causes":[{"details":"epoch.py is a minimal script that prints current time fields to stdout and does not parse CLI args.","type":"mock_or_regression"},{"details":"epoch.json schema differs from what verify_build.py reads (selected_epoch).","type":"contract_mismatch"}],"schema":"stunir.issues.issue.v1","severity":"blocking","status":"open","symptoms":["scripts/build_docker.sh calls: python3 tools/epoch.py --out-json build/epoch.json --print-epoch, but epoch.py ignores args and never writes build/epoch.json.","tools/verify_build.py expects build/epoch.json to contain selected_epoch (int) and source (string), used to validate receipts."],"title":"tools/epoch.py does not implement expected CLI/fields (no --out-json/--print-epoch; missing selected_epoch)","workarounds":[{"commands":["mkdir -p build","python3 - <<'PY'\nimport json,time\nobj={\"selected_epoch\":int(time.time()),\"source\":\"CURRENT_TIME\"}\nprint(json.dumps(obj,ensure_ascii=False,sort_keys=True,separators=(\",\",\":\")))\nPY > build/epoch.json"],"description":"Generate a minimal verifier-compatible build/epoch.json (canonical) until epoch tool is repaired."}]}